<wms>
  <id>WMSInfoImpl-65e0e52:17d94070322:-7ffc</id>
  <workspace>
    <id>WorkspaceInfoImpl-65e0e52:17d94070322:-7fff</id>
  </workspace>
  <enabled>true</enabled>
  <name>WMS</name>
  <title>WMS service with index of current orthoimagery</title>
  <internationalTitle/>
  <maintainer>http://www.gugik.gov.pl</maintainer>
  <abstrct>The service publishes spatial extents of current orthoimagery sheets and sheets&apos; attributes including download URL</abstrct>
  <internationalAbstract/>
  <accessConstraints>NONE</accessConstraints>
  <fees>NONE</fees>
  <versions>
    <org.geotools.util.Version>
      <version>1.1.1</version>
    </org.geotools.util.Version>
    <org.geotools.util.Version>
      <version>1.3.0</version>
    </org.geotools.util.Version>
  </versions>
  <keywords>
    <string>WFS</string>
  </keywords>
  <metadataLink/>
  <citeCompliant>false</citeCompliant>
  <onlineResource>http://www.gugik.gov.pl</onlineResource>
  <schemaBaseURL>http://schemas.opengis.net</schemaBaseURL>
  <verbose>false</verbose>
  <metadata>
    <entry key="disableDatelineWrappingHeuristic">false</entry>
    <entry key="kmlSuperoverlayMode">auto</entry>
    <entry key="kmlReflectorMode">refresh</entry>
    <entry key="svgAntiAlias">true</entry>
    <entry key="rootLayerInCapabilities">true</entry>
    <entry key="kmlPlacemark">false</entry>
    <entry key="inspire.spatialDatasetIdentifier"></entry>
    <entry key="kmlKmscore">40</entry>
    <entry key="mapWrapping">true</entry>
    <entry key="pngCompression">25</entry>
    <entry key="jpegCompression">25</entry>
    <entry key="inspire.language">eng</entry>
    <entry key="advancedProjectionDensification">false</entry>
    <entry key="advancedProjectionHandling">true</entry>
    <entry key="kmlAttr">true</entry>
    <entry key="svgRenderer">Batik</entry>
    <entry key="inspire.createExtendedCapabilities">false</entry>
    <entry key="scalehintMapunitsPixel">false</entry>
  </metadata>
  <defaultLocale>en</defaultLocale>
  <srs>
    <string>2180</string>
    <string>4326</string>
    <string>3857</string>
  </srs>
  <bboxForEachCRS>true</bboxForEachCRS>
  <watermark>
    <enabled>false</enabled>
    <position>BOT_RIGHT</position>
    <transparency>0</transparency>
  </watermark>
  <interpolation>Nearest</interpolation>
  <getFeatureInfoMimeTypeCheckingEnabled>true</getFeatureInfoMimeTypeCheckingEnabled>
  <getFeatureInfoMimeTypes>
    <string>text/html</string>
  </getFeatureInfoMimeTypes>
  <getMapMimeTypeCheckingEnabled>false</getMapMimeTypeCheckingEnabled>
  <dynamicStylingDisabled>false</dynamicStylingDisabled>
  <featuresReprojectionDisabled>false</featuresReprojectionDisabled>
  <maxBuffer>25</maxBuffer>
  <maxRequestMemory>65536</maxRequestMemory>
  <maxRenderingTime>60</maxRenderingTime>
  <maxRenderingErrors>1000</maxRenderingErrors>
  <internationalRootLayerTitle/>
  <internationalRootLayerAbstract/>
  <maxRequestedDimensionValues>100</maxRequestedDimensionValues>
  <cacheConfiguration>
    <enabled>false</enabled>
    <maxEntries>1000</maxEntries>
    <maxEntrySize>51200</maxEntrySize>
  </cacheConfiguration>
  <remoteStyleMaxRequestTime>60000</remoteStyleMaxRequestTime>
  <remoteStyleTimeout>30000</remoteStyleTimeout>
  <defaultGroupStyleEnabled>true</defaultGroupStyleEnabled>
</wms>