<featureType>
  <id>FeatureTypeInfoImpl-65e0e52:17d94070322:-7ffb</id>
  <name>OrthoimageryIndex</name>
  <nativeName>current_ortho</nativeName>
  <namespace>
    <id>NamespaceInfoImpl-65e0e52:17d94070322:-7ffe</id>
  </namespace>
  <title>Current orthoimagery index</title>
  <keywords>
    <string>features</string>
    <string>current_ortho</string>
  </keywords>
  <nativeCRS class="projected">PROJCS[&quot;ETRS_1989_Poland_CS92&quot;, 
  GEOGCS[&quot;GCS_ETRF2000-PL&quot;, 
    DATUM[&quot;D_ETRF2000_Poland&quot;, 
      SPHEROID[&quot;GRS_1980&quot;, 6378137.0, 298.257222101]], 
    PRIMEM[&quot;Greenwich&quot;, 0.0], 
    UNIT[&quot;degree&quot;, 0.017453292519943295], 
    AXIS[&quot;Longitude&quot;, EAST], 
    AXIS[&quot;Latitude&quot;, NORTH]], 
  PROJECTION[&quot;Transverse_Mercator&quot;], 
  PARAMETER[&quot;central_meridian&quot;, 19.0], 
  PARAMETER[&quot;latitude_of_origin&quot;, 0.0], 
  PARAMETER[&quot;scale_factor&quot;, 0.9993], 
  PARAMETER[&quot;false_easting&quot;, 500000.0], 
  PARAMETER[&quot;false_northing&quot;, -5300000.0], 
  UNIT[&quot;m&quot;, 1.0], 
  AXIS[&quot;x&quot;, EAST], 
  AXIS[&quot;y&quot;, NORTH]]</nativeCRS>
  <srs>EPSG:2180</srs>
  <nativeBoundingBox>
    <minx>169523.27</minx>
    <maxx>864933.77</maxx>
    <miny>132716.41000000015</miny>
    <maxy>777168.87</maxy>
    <crs class="projected">PROJCS[&quot;ETRS_1989_Poland_CS92&quot;, 
  GEOGCS[&quot;GCS_ETRF2000-PL&quot;, 
    DATUM[&quot;D_ETRF2000_Poland&quot;, 
      SPHEROID[&quot;GRS_1980&quot;, 6378137.0, 298.257222101]], 
    PRIMEM[&quot;Greenwich&quot;, 0.0], 
    UNIT[&quot;degree&quot;, 0.017453292519943295], 
    AXIS[&quot;Longitude&quot;, EAST], 
    AXIS[&quot;Latitude&quot;, NORTH]], 
  PROJECTION[&quot;Transverse_Mercator&quot;], 
  PARAMETER[&quot;central_meridian&quot;, 19.0], 
  PARAMETER[&quot;latitude_of_origin&quot;, 0.0], 
  PARAMETER[&quot;scale_factor&quot;, 0.9993], 
  PARAMETER[&quot;false_easting&quot;, 500000.0], 
  PARAMETER[&quot;false_northing&quot;, -5300000.0], 
  UNIT[&quot;m&quot;, 1.0], 
  AXIS[&quot;x&quot;, EAST], 
  AXIS[&quot;y&quot;, NORTH]]</crs>
  </nativeBoundingBox>
  <latLonBoundingBox>
    <minx>13.861902350131507</minx>
    <maxx>24.671041524124657</maxx>
    <miny>48.95408330838961</miny>
    <maxy>54.85773307763236</maxy>
    <crs>EPSG:4326</crs>
  </latLonBoundingBox>
  <projectionPolicy>FORCE_DECLARED</projectionPolicy>
  <enabled>true</enabled>
  <metadata>
    <entry key="elevation">
      <dimensionInfo>
        <enabled>false</enabled>
      </dimensionInfo>
    </entry>
    <entry key="time">
      <dimensionInfo>
        <enabled>false</enabled>
      </dimensionInfo>
    </entry>
    <entry key="cachingEnabled">false</entry>
  </metadata>
  <store class="dataStore">
    <id>DataStoreInfoImpl-65e0e52:17d94070322:-7ffd</id>
  </store>
  <serviceConfiguration>false</serviceConfiguration>
  <simpleConversionEnabled>false</simpleConversionEnabled>
  <internationalTitle/>
  <internationalAbstract/>
  <maxFeatures>0</maxFeatures>
  <numDecimals>0</numDecimals>
  <padWithZeros>false</padWithZeros>
  <forcedDecimal>false</forcedDecimal>
  <overridingServiceSRS>false</overridingServiceSRS>
  <skipNumberMatched>false</skipNumberMatched>
  <circularArcPresent>false</circularArcPresent>
</featureType>