<layer>
  <name>OrthoimageryIndex</name>
  <id>LayerInfoImpl-65e0e52:17d94070322:-7ffa</id>
  <type>VECTOR</type>
  <defaultStyle>
    <id>StyleInfoImpl-65e0e52:17d94070322:-7ff9</id>
  </defaultStyle>
  <resource class="featureType">
    <id>FeatureTypeInfoImpl-65e0e52:17d94070322:-7ffb</id>
  </resource>
  <attribution>
    <logoWidth>0</logoWidth>
    <logoHeight>0</logoHeight>
  </attribution>
  <dateCreated>2021-12-07 09:49:43.161 UTC</dateCreated>
  <dateModified>2021-12-07 10:17:51.206 UTC</dateModified>
</layer>