<dataStore>
  <id>DataStoreInfoImpl-65e0e52:17d94070322:-7ffd</id>
  <name>orthoindex</name>
  <type>Shapefile</type>
  <enabled>true</enabled>
  <workspace>
    <id>WorkspaceInfoImpl-65e0e52:17d94070322:-7fff</id>
  </workspace>
  <connectionParameters>
    <entry key="charset">UTF-8</entry>
    <entry key="filetype">shapefile</entry>
    <entry key="create spatial index">true</entry>
    <entry key="memory mapped buffer">false</entry>
    <entry key="timezone">Europe/Warsaw</entry>
    <entry key="enable spatial index">true</entry>
    <entry key="namespace">http://testbed.geoportal.gov.pl</entry>
    <entry key="cache and reuse memory maps">true</entry>
    <entry key="skipScan">true</entry>
    <entry key="url">file:///srv/testbed/data/current_ortho.shp</entry>
    <entry key="fstype">shape</entry>
  </connectionParameters>
  <__default>false</__default>
  <dateCreated>2021-12-07 09:38:02.762 UTC</dateCreated>
  <dateModified>2021-12-07 09:38:07.457 UTC</dateModified>
</dataStore>